A.A. ๕/๑๕  |
,
"eli   at            a               %     a                                      a   &
ตามทีได้มีพระราชกฤษฎีกาให้มีการเลือกตั้งสมาชิกสภาผู้แทนราษฎร และคณะกรรมการการเลือกตัง
vo     vw a  ๑6(     WOM SH OO               va  มะ 2
ได้กําหนดให้วันที่ ...2.6 tow SUN wa, 06 2,"" เป็นวันเลือกตั้ง นั้น
1                      tail คณะกรรมการประจําหน่วยเสือกิตินต้ตําเนินการนับคะแนนสมาชิกสภาผู้แทนราษฎรแบบแบ่งเขต
               เลือกตั้งของหน่วยเลือกตั้งที่ ...:.5.., wi ...2.2...... ตําบล/แขวง/เทศบาล.....ปาก362. อําเภอ/เขต เยฝาก1
'           เขตเลือกตั้งที่ .๑๕ . จังหวัด นครราชสีมา เสร็จลิ้นเป็นที่เรียบร้อยแล้ว ดังนั้น จึงขอรายงานผลการนับคะแนนของ
             หน่วยเลือกตังดังกล่าว HU
ง                              อ         ะ                                                       |
;                      ๑. จํานวนผู้มีสิทธิเลือกตัง                                                      : ¢         .
๐  Vag a  บ  ”   i vag a  ย ๐   2 4“   คผ้ามะอพผพศีผับเซร์
๑.๑ จํานวนผู้มีสิทธิเลือกตังตามบัญชีรายชือผู้มีสิทธิเลือกตัง  dua. 247 คน (ถีกมะอยดตับจอ.)
๐     vag aac   v a                ฆ a   ty    2                  S   50% A ฉับ Wg
๑.๒ จํานวนผูมสิทธิเลอกตังทีมาแสดงตน (เฉพาะวันเลือกตั้ง)   จํานวน.9.42 คน(6 02505 6 กับล9 )
๒. จํานวนบัตรเลือกตัง                                                0                <
๒.๑ จํานวนบัตรเลือกตั้งที่ได้รับจัดสรร                    งนว) 7 as ' 0
'                        ๐    7  a  vo apy                   ๐         «7    | )  0  งู หู้ (. เจ
๒.๒ จํานวนบัตรเลือกตังทีใช้                             จํานวน.2.42. บัตร CNOBOYN RUNS
๒.๒.๑ บัตรดี                                       จํานวน. “2ต2บัตร( = 9800
ม                                  เ)   a                                ๐       b   ๑7       qh โ)
(                             ๒.๒.๒ บัตรเสีย                                จานวน2บตร(2 00
) ์                                            จ/    ช่ๆ )    vie                              ๐         ท์    ๑/         WU A
                               ๒.๒.๓ บัตรทีไม่เลือกผู้สมัครผู้ใด                   จํานวน..28่2. บัตร(2 2
if                            ๐     x   a   oaia                       ๐      | 11   fs     1, \    (       \   \
ร                               ๒.๓ จ้านวนบัตรเลือกตังทเหลือ                             จํานวน.. ล02. ปตร(ก 0
|                ๐       สฆ่บย ม iva  ย เ    ve oa    ๐        ๐ ม บ ๓
|                       a. จ้านวนคะแนนที่ผู้สมัครรับเลือกตั้งแต่ละคนได้รับเรียงตามลําดับหมายเลขประจําตัวผู้สมัคร
ผ่           ow       aw  a               vw
|        หมายเลขประจําตัว               ชื่อตัว - Yoana                         สังกัด                             ยเด้คะแนน
ผู้สมัคร              ผู้สมัครรับเลือกตัง             พรรคการเมือง          (ให้กรอกทั้งตัวเลขและตัวอักษร)
 พันตํารวจโทสมชาย เพศประเสริฐ | ประชาธิปย์ | 0ๆ AMID
.      . โอ นายวิรัตน์         วาริชอลังการ        พลังประชารัฐ       AD   (       งบนๆ     )
 นายอัฏฐกร        อินทร์ศร          รวมไทยสร้างชาติ     .    (       :          )
:      เกกาาต  นายภูวดล         โรจนเมฆินทร์        ไทยสร้างไทย       พ ส       (07       )"
"๐        จูยข  a                yw
หมายเลขประจําตัว              ชื่อตัว - ชื่อสกุล                       สังกัด                             ได้คะแนน
ผู้สมัคร      ผู้สมัครรับเลือกตัง     พรรคการเมือง    (ให้กรอกทั้งตัวเลขและตัวอักษร)
 นายศิรสิทธิ์   เลิศด้วยลาภ    เพื่อไทย   2 อ  ผมหถมผ่บ|มอ )
 พันตํารวจโทสมชาย เพศประเสริฐ      ประชาธิปัตย์     ๆ    (    )    |    )
ay     a oe     จ/  ฆ     /|         า
a ๕     บ       {/)
นายภูวดล   โรจนเมฆินทร์   ไทยสร้างไทย  “ ee  (      )","หมายเลขประจําตัว
ผู้สมัคร","จูยข    a
ชื่อตัว - ชื่อสกุล
ผู้สมัครรับเลือกตัง","สังกัด
พรรคการเมือง","ได้คะแนน
(ให้กรอกทั้งตัวเลขและตัวอักษร)"
""
,นายศิรสิทธิ              เลิศด้วยลาภ,,"ge he                                ( ต
: (ป
Hy ไต  )"
พันตํารวจโทสมชาย เพศประเสริฐ,,ประชาธิปัตย์,rae  YUE
นายมานิธ               จันทรวราภร,,,
นายวิรัตน์               วาริชอลังการ,พลังประชารัฐ,,
นายอัฏฐกร              อินทร์ศร,รวมไทยสร้างชาติ,,aa
นายภูวดล               โรจนเมฆินทร์,ไทยสร้างไทย,=,
,นายสาธิต                ปิติวรา,,
นายณกรณ์              มหินเรศ,ชาติพัฒนากล้า,,
ลลลณุอล่ไซ ฐาเรชรขุโณโณโณซา

ส.ุส. ๕/๑๕    |
,
"๐        สจ่ ๓%  a                vw                 y
หมายเลขประจําตัว              ชื่อตัว - Yoana                        สังกัด                             ได้คะแนน
LA                             ษ
ผู้สมัคร          ผู้สมัครรับเลือกตัง         พรรคการเมือง       (ให้กรอกทั้งตัวเลขและตัวอักษร)
£           «a                   i ทั
6 1แล>เ| 1 Sd
รวมคะแนนทั้งสิน                      7a    222","หมายเลขประจําตัว
ผู้สมัคร","=    a
ชื่อตัว - Yoana
ผู้สมัครรับเลือกตัง","สังกัด
พรรคการเมือง","ได้คะแนน
(ให้กรอกทั้งตัวเลขและตัวอักษร)"
"7
๕ «a         1           a               ศศ        f
เรตลนลลลานอพพแผตเตทต
ไซฑตรตร เณฑณ์ จณะ=
) ™ [=  Vv.
Be                                 นู๊
“                   รวมคะแนนทั้งสิน                      7a    922
|               ประกาศ ณ วันที 2S เดือน QAO OM | พ.ศ. 6๕บ
3                            a                                  ๐   1      Ey)
1                                     (ลงชือ)  Den โค. ประธานกรรมการประจําหน่วยเลือกตัง
‘J                                   4        ัฆ
:     (ลงชือ) 00๓๓๓๓ ปิธีวิมิการประจําหน่วยเลือกตั้ง (asta) 480220 8กรรมการประจําหน่วยเลือกตั้ง
4        ฆ่     ย่' an am    V4 ด      ป ว   '   a  ะ      a     -ธปพ“า     ห             จ   F   a   &
     (ลงขอ)  ae ae กรรมการประจําหน่วยเลือกตั้ง (ลงซื่อ)  ตร ta กรรมการประจําหน่วยเลือกตัง
วรื่   (asda)  6ศัภณ      Used Pcie” peat 7   a    Or.         ๑ eo epee
ลงชื้อ) 2A anne กรรมการประจําหน่วยเลือกตั้ง (ลงซื้อ) .....522.กรรมการประจําหน่วยเลือกตั้ง
(๒6สริยล2.แหบร0)                 ก   (ไทรเลียง วว
va       J (                      ae   totes   ซ่       a            A                      ๐   '       iy
     (ลงข้อ)  ด seen 2 กรรมการประจําหน่วยเลือกตั้ง (ลงซือ)  1200 กรรมการประจําหน่วยเลือกตัง
|           เรใชสด )             (ไหสนเน
๐ ey     a    ev     a  [ห    ๐   ม/  Ya ad  ะ 1  ฒ 0๐   ev  a  [ห ‘    a
|             ( สําหรับระบุเหตุที่ผลการนับคะแนนเลือกตั้งปรากฏจํานวนผู้มาใช้สิทธิเลือกตั้งไม่ตรงกับจํานวนบัตรเลือกตั้งที่ใช้ออกเสียงลงคะแนน )
|           หมายเหตุ : ส.ส. ๕/๑๕(บช) จัดทําจํานวน ๓ ชุด
๑. ปิดประกาศ ณ ที่เลือกตั้ง จํานวน ๑ ชุด
๒. ใส่ถุงวัสดุใสซึ่งบรรจุบัตรเลือกตั้งที่นับเป็นคะแนนแล้ว จํานวน ๑ ชุด
๓. เก็บไว้ในเล่มเพื่อส่งคณะกรรมการการเลือกตั้งประจําเขตเลือกตั้ง จํานวน ๑ ชุด"
สธร 0,นางสาวเพ็ญพิศ เกตุใหม่,เสรีรวมไทย,
,ร้อยตํารวจตรีประยงยุทธ์ ศรีสวัสดิ,,
ธ 0,เชซา,พพ๊พ 0ฏ0,ศศสลลด ไโ
ee,เซ ลล่,«0,ee ลสลส
2,ด ท หร,ไร0 0,5
Geer.,น 0,กฑา,
ล,90ฝ๊,aa ee,r ว%ไี
*,ด 0ฒญ,ศัศรทณะ,พ
= 0,[พญ ฟะ,| a eerste. yaaa,ae ง0
* =,เซณัศัศัศั,"/    |จ
mm |-|
mV /",0
รวมคะแนนทั้งสิน,
""

,
,
"|
ot
|
ป
|
|"
"หมายเลขของบัญชีรายชื่อ                       va                                                     ได้คะแนน
ของพรรคการเมือง                    พรรคการเมือง                               (ให้กรอกทั้งตัวเลขและตัวอักษร)
ร                                           ล                     ฉีอ>
jae                                uy               ""ia
พรรคท้องทีไทย                  0 58 5 ete)
aris                                  ves                =           NO)
5               พรรคพลังสังคมใหม่             : ๕ (3 333.114็8ื6060008ข0
2                         U                  Nu
พรรคครูไทยเพื่อประชาชน       ME (esc OO i
ห                              4                  ie
wie &                                 |                            ไซ
พรรคแรงงานสร้างชาติ          สออรอณออออกร6 (แอแน๓๓ 02ล70ว0)
‘                                                                  เ","หมายเลขของบัญชีรายชื่อ
ของพรรคการเมือง","a
ชื่อ
พรรคการเมือง","ได้คะแนน
(ให้กรอกทั้งตัวเลขและตัวอักษร)"
,,")                                 ซี
y                     NOD"
,พรรคประชาธิปไตยใหม่,
,"๕
พรรคเป็นธรรม",
พ --ฯ4 <,พรรคท้องทีไทย,"Ly         :   จาว!
—                6N |ม"
,พรรคพลังสังคมใหม่,Wis     <    NO )
พรรคครูไทยเพื่อประชาชน,ไซ,
พรรคภูมิใจไทย,"อออ๑99อ9ออ9อล๑ ( จจตอนดตลจล              เต ee eeeeeenee
       | N
.   )",
พรรคแรงงานสร้างชาติ,,
พรรคพลัง,[๒ 4,KU

""""
""
,
"หมายเลขของบัญชีรายชื่อ          ชื่อ                      ได้คะแนน
ของพรรคการเมือง        พรรคการเมือง             (ให้กรอกทังตัวเลขและตัวอักษร)
        | 0 0 46          |
a                              “¢
        ee)          |
\        4 aCe
‘ ¥~
PR 5                          nf - LE
:                                me
a                ค    รี ผู
ฆ                        f)              ""0
25                พรรคเสรีรวมไทย ๕88! 1๒๓
a  ๕            เ          10 4“
26                 พรรคประชาธิปัตย์                อล
&
v                 \             6  ee","หมายเลขของบัญชีรายชื่อ
ของพรรคการเมือง","ชือ
พรรคการเมือง","ได้คะแนน
(ให้กรอกทั้งตัวเลขและตัวอักษร)"
,พรรคอนาคตไทย,
ป
,พรรคประชาชาติ,t  4
,พรรตคไทยรวมไทย,
,พรรคไทยชนะ,
,,พรรคชาติพัฒนากล้า
,,พรรคกรีน,"|
|"
,,พรรคพลังสยาม
a A (a,,พรรคเสมอภาค
,,พรรคชาติไทยพัฒนา
,,พรรคภาคีเครือข่ายไทย
,พรรคเปลี่ยน,
,พรรคไทยภักดี,
,พรรครวมไทยสร้างชาติ,
,พรรครวมใจไทย,
,พรรคเพื่อชาติ,
,พรรคเสรีรวมไทย,
,พรรคประชาธิปัตย์,
,พรรคพลังธรรมใหม่,
า       ม! -,พรรคไทยพร้อม,
,พรรคเพื่อไทย,
=  เก สซ์,พรรคทางเลือกใหม่
""
,พรรคก้าวไกล
""
,พรรคไทยสร้างไทย
""
ณั ลลลไล้โซณ์ณณลณังซ์ ์ซ--ี

""
""
"หมายเลขของบัญชีรายชื่อ          ชือ                       ได้คะแนน
ของพรรคการเมือง         พรรคการเมือง             (ให้กรอกทังตัวเลขและตัวอักษร)
' a                  \           of  “ญิ๋
แต               พรรคเพื่อชาติไทย                   ต แล seri)
 พรรคพลังประชารัฐ
!
al         จ7                       \                    AL   |
ร             7:
! สม
a ee, ป 0
©              \                if
ย                      ว,              ) ,  G
a                                                 ay f.
ฆ                      DY, 6
51                พรรคสามัญชน                 er ee ere พที่ป
™             } )  ""4
v   ม                            4   A","หมายเลขของบัญชีรายชื่อ
ของพรรคการเมือง","ชือ
พรรคการเมือง","ได้คะแนน
(ให้กรอกทังตัวเลขและตัวอักษร)"
,พรรคไทยเป็นหนึง,"0 . ๑๑๑๑๑๑๑ ๑๑๑๑๐๑๑๑๑๐๐๐๐   6้2๑699๑66     .  ๑
๑999๑  (        | |
sal & ๑๑๕๑๑0๑๐999๐๐"
,พรรคแผ่นดินธรรม,"\        จ""ก"
พรรครวมพลัง,
,พรรคเพื่อชาติไทย,
,พรรคพลังประชารัฐ,
"|
|
|
|",,"al              จ7
พรรคเพื่อไทรวมพลัง"
""
,,
,พรรคประชาภิวัฒน์,
,พรรคไทยธรรม,
,พรรคไทยศรีวิไลย์,\                                                 if
,พรรคพลังสหกรณ์,
,พรรคราษฎร์วิถี,
,พรรคแนวทางใหม่,
,พรรคถินกาขาวชาววิไล,
พรรครวมแผ่นดิน,,
พรรคเพื่ออนาคตไทย,า           งบ,
พรรครักษ์ผืนป่าประเทยไทย,,
พรรคพลังปวงชนไทย,,
พรรคสามัญชน,,
พรรคชาติรุ่งเรือง,,
พรรคพลังสังคม,,
พรรคภราดรภาพ,,
พรรคไทยก้าวหน้า,,

""
,
"เซ ตะ eee
หมายเลขของบัญชีรายชื่อ            ชื่อ                           ได้คะแนน
ของพรรคการเมือง          พรรคการเมือง                (ให้กรอกทั้งตัวเลขและตัวอักษร)
น“
บ ล                                         N14
จ7           a                                                  ศา (%
i : พรรคสังคมประชาธิปไตยไทย   a โรฏษ์ 0 0 80980
ว                                     an 9 ๕|
ท              พ น ๑
ศร6              WN Uv
bo ore พรรคพลังไทยรักชาติ          2 0 (อ หนลตตา 0
พรรคประชากรไทย              0 (๓๓๐ ๒ 70
บ งม                           0 น ผู
พรรคเสนด้าย                     Se Ce ร0)
ชา                         FY ULV
65                พรรคเปลี่ยนอนาคต              ธา ไร 0
| 0800 พรรคพลังประชาธิปไตย        เณ ไซญากร ลล 0
/เออ","หมายเลขของบัญชีรายชื่อ
ของพรรคการเมือง"
"ชื่อ
พรรคการเมือง"
"ได้คะแนน
(ให้กรอกทั้งตัวเลขและตัวอักษร)"
""
พรรคประชาไทย
""
""
พรรคพลังเพื่อไทย
""
""
พรรคสังคมประชาธิปไตยไทย
""
""
พรรคช่วยชาติ,
,พรรคความหวังใหม่
""
,พรรคคลองไทย
""
,พรรคพลังไทยรักชาติ
""
,พรรคประชากรไทย
""
,พรรคเส้นด้าย
""
,พรรคเปลี่ยนอนาคต
""
,พรรคพลังประชาธิปไตย
\                       Ay  4 |                —
,พรรคไทยสมาร์ท
""

